TIMELINE,Rank,NEC,Schools,Command,Collateral,TAD,Deployment,Port Visit,Operation,Layover,Bases,Partner,Sponsor,Customer,Gear,Equipment,Vehicles,Ships,Weapons,Comms,Uniforms,Aircraft,Under Instruction,Cities,Residences,Countries,POV,Motorcycles,Hobbies,Off-duty work,Warfare Qual,Division,Awards,Title,Watch Station
RTC,RAN-01: E-3,,,,,,,,,,BAS-18: Recruit Training Center,,,,,,,,,,UNI-01: Smurfs,,UND-01: RTC,CIT-01: Great Lakes,,,,,,,,DIV-08: 333,,,WAT-08: Starboard
,,,,,,,,,,,,,,,,,,,,,UNI-02: PO Working Whites,,,,,,,,,,,,,,
,,,,,,,,,,,,,,,,,,,,,UNI-03: PO Working Blues,,,,,,,,,,,,,,
,,,,,,,,,,,,,,,,,,,,,UNI-04: PO Dress Blues,,,,,,,,,,,,,,
,,,,,,,,,,,,,,,,,,,,,UNI-05: PO Dress Whites,,,,,,,,,,,,,,
,,,,,,,,,,,,,,,,,,,,,UNI-21: Dungarees,,,,,,,,,,,,,,
,,,,,,,,,,,,,,,,,,,,,,,,,,,,,,,,,,,
LSD-46,RAN-01: E-3,,,,,TAD-01: LSD-46,,,,,,PAR-04: ACU 4,,,,,,SHI-01: LSD-46,,,UNI-01: Smurfs,,,CIT-02: Virginia Beach,,,,,,,,DIV-09: Deck,,,
,,,,,,,,,,,BAS-02: Little Creek,,,,,,,SHI-04: LCAC,,,UNI-02: PO Working Whites,,,,,,,,,,,,,,
,,,,,,,,,,,,,,,,,,,,,UNI-03: PO Working Blues,,,,,,,,,,,,,,
,,,,,,,,,,,,,,,,,,,,,UNI-04: PO Dress Blues,,,,,,,,,,,,,,
,,,,,,,,,,,,,,,,,,,,,UNI-05: PO Dress Whites,,,,,,,,,,,,,,
,,,,,,,,,,,,,,,,,,,,,UNI-21: Dungarees,,,,,,,,,,,,,,
NTC,,NEC-01: 0000,SCH-01: Tech Core,,,,,,,,,,,,,,,,,,UNI-01: Smurfs,,UND-02: NTC,CIT-01: Great Lakes,,,,,,,,,,,
,RAN-02: E-4,,SCH-02: A School,,,,,,,,,,,,,,,,,,UNI-02: PO Working Whites,,,,,,,,,,,,,,
,,,,,,,,,,,,,,,,,,,,,UNI-03: PO Working Blues,,,,,,,,,,,,,,
,,,,,,,,,,,,,,,,,,,,,UNI-04: PO Dress Blues,,,,,,,,,,,,,,
,,,,,,,,,,,,,,,,,,,,,UNI-05: PO Dress Whites,,,,,,,,,,,,,,
,,,,,,,,,,,,,,,,,,,,,UNI-21: Dungarees,,,,,,,,,,,,,,
,,,,,,,,,,,,,,,,,,,,,,,,,,,,,,,,,,,
Keesler AFB,,NEC-01: 0000,SCH-03: GPETE,,,,,,,,BAS-18: Keesler AFB,,,,,,,,,,UNI-01: Smurfs,,UND-03: Keesler AFB,,"CIT-09: Biloxi, MS",,,,,,,,,,
,RAN-02: E-4,NEC-02: 1589,SCH-04: FCAM,,,,,,,,,,,,,,,,,,UNI-02: PO Working Whites,,,,,,,,,,,,,,
,,,,,,,,,,,,,,,,,,,,,UNI-03: PO Working Blues,,,,,,,,,,,,,,
,,,,,,,,,,,,,,,,,,,,,UNI-04: PO Dress Blues,,,,,,,,,,,,,,
,,,,,,,,,,,,,,,,,,,,,UNI-05: PO Dress Whites,,,,,,,,,,,,,,
,,,,,,,,,,,,,,,,,,,,,UNI-21: Dungarees,,,,,,,,,,,,,,
,,,,,,,,,,,,,,,,,,,,,,,,,,,,,,,,,,,
NCTS SD,RAN-03: E-5,NEC-02: 1589,SCH-13: ASF,COM-01: NCTS SD,COL-03: ASF,TAD-02: LHD-2,,POR-05: San Francisco,,,BAS-01: NASNI,,,,,,,,,COM-12: KG-84,UNI-01: Smurfs,,UND-04: 32nd Street,,CIT-04: Imperial Beach,COU-03: Mexico,"POV-01: Nissan Frontier, silver, 1997",,,OFF-01: CSC Events,,DIV-01: N6,AWA-05: NAM,,WAT-01: Gate Guard
,,,,,COL-04: Supply,,,,,,BAS-05: FISC SD,,,,,,,,,COM-19: AN/FCC-100,UNI-02: PO Working Whites,,,,,,,,,,,,AWA-10: GCM,,WAT-02: Duty ET
,,,,,,,,,,,BAS-06: Coronado,,,,,,,,,COM-20: AN/WSC-3,UNI-03: PO Working Blues,,,,,,,,,,,,AWA-11: NDSM,,
,,,,,,,,,,,,,,,,,,,,,UNI-04: PO Dress Blues,,,,,,,,,,,,AWA-20: PISTOL,,
,,,,,,,,,,,,,,,,,,,,,UNI-05: PO Dress Whites,,,,,,,,,,,,,,
,,,,,,,,,,,,,,,,,,,,,UNI-06: Woodland Camo,,,,,,,,,,,,,,
,,,,,,,,,,,,,,,,,,,,,UNI-22: Utilities,,,,,,,,,,,,,,
,,,,,,,,,,,,,,,,,,,,,,,,,,,,,,,,,,,
AS-40,RAN-04: E-6,NEC-02: 1589,SCH-07: Safety,COM-02: AS-40,COL-01: Safety,,,POR-01: Yokosuka,,,BAS-03: Santa Rita,,,,,,,SHI-02: AS-40,WEA-02: M9A2,,UNI-01: Smurfs,,,,CIT-03: Talofofo,COU-05: China,"POV-02: Ford Ranger, green, 1995 or 1996","MOT-01: XT225, white and blue, 2001",HOB-01: Kayak,,,DIV-02: R6,AWA-05: NAM,TIT-02: LPO,WAT-03: Pier Guard
,,NEC-08: 9571,,,,,,POR-02: Chinhae,,,BAS-04: Polaris Point,,,,,,,,,,UNI-02: PO Working Whites,,,,,COU-06: Japan,"POV-03: Nissan Sentra, grey, 2007",,HOB-02: Biking,,,,AWA-08: MUC,,WAT-04: Deck Rover
,,,,,,,,POR-03: Sasebo,,,,,,,,,,,,,UNI-03: PO Working Blues,,,,"CIT-08: Santa Rita, GU",COU-08: Korea,"POV-04: Nissan Sentra, red, 1991",,HOB-03: Hash Run,,,,AWA-09: NAVY E,,WAT-05: POOW
,,,,,,,,POR-04: Honk Kong,,,,,,,,,,,,,UNI-04: PO Dress Blues,,,,,,,,HOB-04: Diving,,,,AWA-10: GCM,,WAT-06: MOOW
,,,,,,,,,,,,,,,,,,,,,UNI-05: PO Dress Whites,,,,,,,,,,,,AWA-11: NDSM,,
,,,,,,,,,,,,,,,,,,,,,UNI-22: Utilities,,,,,,,,,,,,AWA-15: HSM,,
,,,,,,,,,,,,,,,,,,,,,UNI-23: Coveralls,,,,,,,,,,,,AWA-16: SSDR,,
,,,,,,,,,,,,,,,,,,,,,,,,,,,,,,,,,,,
EODMU5,RAN-04: E-6,NEC-04: 1460,SCH-05: Comsec,COM-03: EODMU 5,COL-05: COMSEC Manager,,,,OPE-01: Cobra Gold 2004,LAY-01: Leipzig,BAS-15: Imperial Beach Annex,PAR-01: EODMU 11,,,,EQU-02: Magnetometer,VEH-01: CUCV,,WEA-01: M4,COM-01: AN/PRC-117F,UNI-02: PO Working Whites,,,,CIT-03: Talofofo,COU-04: Australia,"POV-04: Nissan Sentra, red, 1991","MOT-01: XT225, white and blue, 2001",HOB-01: Kayak,,,DIV-01: N6,AWA-05: NAM,TIT-02: LPO,WAT-07: Gateguard (Messages)
,,NEC-06: 9613,,,COL-06: Magnetometer,,,,OPE-02: Cobra Gold 2005,LAY-02: Ireland,,,,,,,VEH-10: RHIB,,WEA-02: M9A2,COM-02: AN/PSC-5D,UNI-03: PO Working Blues,,,,"CIT-08: Santa Rita, GU",COU-06: Japan,,,HOB-02: Biking,,,,AWA-08: MUC,,
,,NEC-07: 9502,,,COL-09: Safety Officer,,,,OPE-03: Talisman Saber 2005,LAY-03: Bitburg,,,,,,,,,,COM-03: AN/PRC-148,UNI-04: PO Dress Blues,,,,,COU-07: Thailand,,,,,,,AWA-10: GCM,,
,,,,,,,,,OPE-04: Talisman Saber 2007,,,,,,,,,,,COM-04: Iridium 9505,UNI-05: PO Dress Whites,,,,,,,,,,,,AWA-13: ICM,,
,,,,,,,,,OPE-05: Iraqi Freedom,LAY-05: Qatar,,,,,,,,,,COM-05: STE phone,UNI-06: Woodland Camo,,,,,,,,,,,,AWA-14: GWOT-SM,,
,,,,,,,,,,,,,,,,,,,,COM-07: KOI-18,UNI-17: EOD PT,,,,,,,,,,,,AWA-16: SSDR,,
,,,,,,,,,,,,,,,,,,,,COM-08: KYK-13,UNI-19: Diver shorts,,,,,,,,,,,,AWA-17: OSSR,,
,,,,,,,,,,,,,,,,,,,,COM-09: AN/CYZ-10,,,,,,,,,,,,,,,
,,,,,,,,,,,,,,,,,,,,COM-10: KL-43,,,,,,,,,,,,,,,
,,,,,,,,,,,,,,,,,,,,COM-11: KG-175A,,,,,,,,,,,,,,,
,,,,,,,,,,,,,,,,,,,,,,,,,,,,,,,,,,,
TROY,RAN-04: E-6,,,COM-03: EODMU 5,,,DEP-01: Iraq 2006,,OPE-05: Iraqi Freedom,LAY-01: Leipzig,BAS-09: FOB Sykes,PAR-01: EODMU 11,SPO-01: 52nd EOD,,GEA-01: IOTV,,VEH-05: HMMWV,SHI-01: LSD-46,WEA-01: M4,COM-04: Iridium 9505,UNI-07: Desert Camo,AIR-02: C130,,,,COU-01: Kurdistan,,,,,,,AWA-06: AAM,,
,,,,,,,,,,LAY-03: Bitburg,BAS-10: Tal Afar,,SPO-02: 16th EN,,GEA-02: SPCS,,VEH-06: JERRV,SHI-02: AS-40,WEA-02: M9A2,COM-09: AN/CYZ-10,UNI-18: JCSE PT,AIR-06: C17,,,,COU-02: Canada,,,,,,,AWA-13: ICM,,
,,,,,,,,,,,BAS-11: Mosul,,,,GEA-03: PASGT,,VEH-07: Gator,SHI-03: LHD-2,WEA-03: M16A1,,,,,,,COU-10: Germany,,,,,,,,,
,,,,,,,,,,,,,,,GEA-04: ACH/MICH,,VEH-12: APC,SHI-04: LCAC,WEA-04: MK14,,,,,,,COU-13: Iraq,,,,,,,,,
,,,,,,,,,,,,,,,,,,,WEA-05: M60,,,,,,,,,,,,,,,,
,,,,,,,,,,,,,,,,,,,,,,,,,,,,,,,,,,,
SERCC,RAN-04: E-6,NEC-02: 1589,,COM-04: SERCC,COL-02: CFL,,,,,,BAS-20: NS Jax,,,,,,,,,,UNI-02: PO Working Whites,,,,"CIT-06: Orange Park, FL",,,"MOT-02: Buell 500, black",,,,,AWA-05: NAM,,
,,NEC-03: 9527,,,,,,,,,,,,,,,,,,,UNI-03: PO Working Blues,,,,,,,MOT-03: Sportster 1200,HOB-02: Biking,,,,AWA-10: GCM,,
,,,,,,,,,,,,,,,,,,,,,UNI-04: PO Dress Blues,,,,,,,,,,,,AWA-13: ICM,,
,,,,,,,,,,,,,,,,,,,,,UNI-05: PO Dress Whites,,,,,,,,,,,,AWA-16: SSDR,,
,,,,,,,,,,,,,,,,,,,,,UNI-10: NWU Type I,,,,,,,,,,,,AWA-17: OSSR,,
,,,,,,,,,,,,,,,,,,,,,UNI-16: New PT,,,,,,,,,,,,,,
,,,,,,,,,,,,,,,,,,,,,UNI-22: Utilities,,,,,,,,,,,,,,
,,,,,,,,,,,,,,,,,,,,,,,,,,,,,,,,,,,
C-RAM,RAN-04: E-6,NEC-05: 90CR,,COM-04: SERCC,COL-07: SGT of the Guard,,DEP-02: Iraq 2009,,OPE-06: Iraqi,LAY-01: Leipzig,BAS-08: Arifjan,,,,GEA-01: IOTV,EQU-01: Centurion C-RAM,VEH-05: HMMWV,,WEA-03: M16A1,,UNI-08: ACU,,,,,COU-09: Kuwait,,,,,,,AWA-03: AC,TIT-02: LPO,
,,NEC-11: 90BC,,,COL-08: Mount Watch,,,,,LAY-02: Ireland,BAS-14: Ft Bliss,,,,GEA-02: SPCS,,VEH-11: LMTV,,,,,,,,,COU-13: Iraq,,,,,,,AWA-13: ICM,,
,,NEC-12: 90MN,,,,,,,,LAY-04: Kuwait,,,,,GEA-03: PASGT,,,,,,,,,,,,,,,,,,AWA-17: OSSR,,
,,,,,,,,,,,,,,,GEA-04: ACH/MICH,,,,,,,,,,,,,,,,,,AWA-20: PISTOL,,
,,,,,,,,,,,,,,,,,,,,,,,,,,,,,,,,,,,
,,,,,,,,,,,,,,,,,,,,,,,,,,,,,,,,,,,
JCSE,RAN-04: E-6,NEC-09: 9QPB,SCH-10: Small Boat,COM-05: JCSE,,,,,OPE-07: Enduring,LAY-01: Leipzig,BAS-07: Al-Udeid,,,CUS-01: ODA 3213,GEA-01: IOTV,,VEH-02: Polaris,SHI-01: LSD-46,WEA-01: M4,COM-06: SWE-dish,UNI-02: PO Working Whites,AIR-01: C5,,,CIT-07: South Tampa,COU-10: Germany,POV-05: Chevy Spark Yellow,MOT-03: Sportster 1200,,,,DIV-03: 3rd SQD,AWA-01: JSCM,,
,,,SCH-11: Mountain Warfare,,,,,,OPE-07: Enduring,LAY-05: Qatar,BAS-12: Bagram,,,CUS-02: 75th Rangers,GEA-02: SPCS,,VEH-03: Hilux,SHI-02: AS-40,WEA-02: M9A2,COM-11: KG-175A,UNI-03: PO Working Blues,AIR-02: C130,,,,COU-11: Ireland,POV-06: Chevy Spark White,,,,,DIV-06: J3,AWA-04: JSAM,,
,,,SCH-14: CLS,,,,,,,,BAS-13: Camp Blanding,,,,GEA-03: PASGT,,VEH-04: Up armored,SHI-03: LHD-2,WEA-03: M16A1,COM-14: AN/PYQ-10 SKL,UNI-04: PO Dress Blues,AIR-03: C9,,,,COU-12: Afghanistan,POV-07: Ford Transit Connect,,,,,,AWA-07: JMUA,,
,,,,,,,,,,,BAS-16: MWTC,,,,GEA-04: ACH/MICH,,VEH-08: ATV,SHI-04: LCAC,WEA-04: MK14,COM-15: JBLOX,UNI-05: PO Dress Whites,AIR-04: Black Hawk,,,,COU-14: Qatar,POV-08: Mitsubishi Outlander,,,,,,AWA-10: GCM,TIT-04: TEAM CHIEF,
,,,,,,,,,,,BAS-19: MacDill AFB,,,,,,VEH-09: Bobcat,,WEA-05: M60,COM-16: EEP,UNI-09: Multicam,AIR-05: Mi-17,,,,,,,,,,,AWA-12: ACM,,
,,,,,,,,,,,,,,,,,VEH-11: LMTV,,,COM-17: IEP,UNI-11: NWU Type III,AIR-06: C17,,,,,,,,,,,AWA-16: SSDR,,
,,,,,,,,,,,,,,,,,,,,,UNI-12: Chief Whites,,,,,,,,,,,,AWA-17: OSSR,,
,,,,,,,,,,,,,,,,,,,,,UNI-13: Chief Blues,,,,,,,,,,,,AWA-18: NATO,,
,,,,,,,,,,,,,,,,,,,,,UNI-14: Chief Choker,,,,,,,,,,,,,,
,,,,,,,,,,,,,,,,,,,,,UNI-15: Chief Khakis,,,,,,,,,,,,,,
,,,,,,,,,,,,,,,,,,,,,UNI-16: New PT,,,,,,,,,,,,,,
,,,,,,,,,,,,,,,,,,,,,UNI-20: Red Polo,,,,,,,,,,,,,,
,,,,,,,,,,,,,,,,,,,,,UNI-24: Peanut Butters,,,,,,,,,,,,,,
,,,,,,,,,,,,,,,,,,,,,,,,,,,,,,,,,,,
AFG 1,RAN-04: E-6,,,COM-05: JCSE,,,DEP-03: Afg 2011,,OPE-07: Enduring,LAY-01: Leipzig,BAS-07: Al-Udeid,,,CUS-01: ODA 3213,GEA-01: IOTV,,VEH-11: LMTV,,WEA-01: M4,COM-16: EEP,UNI-09: Multicam,AIR-04: Black Hawk,,,CIT-07: South Tampa,COU-10: Germany,,,,,,,AWA-01: JSCM,,
,,,,,,,,,,LAY-02: Ireland,BAS-12: Bagram,,,,GEA-02: SPCS,,,,WEA-02: M9A2,,UNI-18: JCSE PT,AIR-05: Mi-17,,,,COU-11: Ireland,,,,,,,AWA-03: AC,,
,,,,,,,,,,LAY-05: Qatar,BAS-08: Arifjan,,,,GEA-03: PASGT,,,,,,UNI-20: Red Polo,AIR-06: C17,,,,COU-12: Afghanistan,,,,,,,AWA-04: JSAM,,
,,,,,,,,,,,,,,,GEA-04: ACH/MICH,,,,,,,,,,,COU-14: Qatar,,,,,,,AWA-05: NAM,TIT-04: TEAM CHIEF,
,,,,,,,,,,,,,,,,,,,,,,,,,,,,,,,,,AWA-06: AAM,,
,,,,,,,,,,,,,,,,,,,,,,,,,,,,,,,,,AWA-07: JMUA,,
,,,,,,,,,,,,,,,,,,,,,,,,,,,,,,,,,AWA-10: GCM,,
,,,,,,,,,,,,,,,,,,,,,,,,,,,,,,,,,AWA-13: ICM,,
,,,,,,,,,,,,,,,,,,,,,,,,,,,,,,,,,AWA-16: SSDR,,
,,,,,,,,,,,,,,,,,,,,,,,,,,,,,,,,,AWA-17: OSSR,,
,,,,,,,,,,,,,,,,,,,,,,,,,,,,,,,,,AWA-18: NATO,,
,,,,,,,,,,,,,,,,,,,,,,,,,,,,,,,,,,,
AFG 2,RAN-04: E-6,,,COM-05: JCSE,,,DEP-04: Afg 2013,,OPE-07: Enduring,LAY-01: Leipzig,BAS-07: Al-Udeid,,,CUS-02: 75th Rangers,GEA-01: IOTV,,VEH-02: Polaris,,WEA-01: M4,COM-16: EEP,UNI-09: Multicam,AIR-04: Black Hawk,,,CIT-07: South Tampa,COU-10: Germany,,,,,,,AWA-01: JSCM,,
,,,,,,,,,,LAY-02: Ireland,BAS-08: Arifjan,,,,GEA-02: SPCS,,VEH-03: Hilux,,WEA-02: M9A2,,UNI-18: JCSE PT,AIR-05: Mi-17,,,,COU-11: Ireland,,,,,,,AWA-03: AC,,
,,,,,,,,,,LAY-05: Qatar,BAS-12: Bagram,,,,GEA-03: PASGT,,VEH-04: Up armored,,,,UNI-20: Red Polo,AIR-06: C17,,,,COU-12: Afghanistan,,,,,,,AWA-04: JSAM,,
,,,,,,,,,,,,,,,GEA-04: ACH/MICH,,VEH-07: Gator,,,,,,,,,COU-14: Qatar,,,,,,,AWA-05: NAM,TIT-04: TEAM CHIEF,
,,,,,,,,,,,,,,,,,VEH-08: ATV,,,,,,,,,,,,,,,,AWA-06: AAM,,
,,,,,,,,,,,,,,,,,VEH-09: Bobcat,,,,,,,,,,,,,,,,AWA-07: JMUA,,
,,,,,,,,,,,,,,,,,,,,,,,,,,,,,,,,,AWA-10: GCM,,
,,,,,,,,,,,,,,,,,,,,,,,,,,,,,,,,,AWA-12: ACM,,
,,,,,,,,,,,,,,,,,,,,,,,,,,,,,,,,,AWA-16: SSDR,,
,,,,,,,,,,,,,,,,,,,,,,,,,,,,,,,,,AWA-17: OSSR,,
,,,,,,,,,,,,,,,,,,,,,,,,,,,,,,,,,AWA-18: NATO,,
,,,,,,,,,,,,,,,,,,,,,,,,,,,,,,,,,,,
NH JAX,RAN-05: E-7,,SCH-12: CFL 2,COM-06: NH JAX,,,,,,,BAS-20: NS Jax,,,,,,,,,,UNI-12: Chief Whites,,,,"CIT-06: Orange Park, FL",,POV-06: Chevy Spark White,MOT-03: Sportster 1200,,,,,AWA-02: NC,TIT-03: LCPO,
,,,,,,,,,,,,,,,,,,,,,UNI-13: Chief Blues,,,,,,POV-08: Mitsubishi Outlander,,,,,,AWA-08: MUC,,
,,,,,,,,,,,,,,,,,,,,,UNI-14: Chief Choker,,,,,,,,,,,,AWA-10: GCM,,
,,,,,,,,,,,,,,,,,,,,,UNI-15: Chief Khakis,,,,,,,,,,,,,,
,,,,,,,,,,,,,,,,,,,,,UNI-16: New PT,,,,,,,,,,,,,,
